<ImportExportXml version="9.1.0.288" SolutionPackageVersion="9.1" languagecode="1033" generatedBy="CrmLive" xmlns:xsi="http://www.w3.org/2001/XMLSchema-instance">
  <SolutionManifest>
    <UniqueName>AsynchronousBatchProcess</UniqueName>
    <LocalizedNames>
      <LocalizedName description="Asynchronous Batch Process" languagecode="1033" />
    </LocalizedNames>
    <Descriptions>
      <Description description="See Asynchronous Batch Process articles on https://yanivrdt.wordpress.com for usage scenarios" languagecode="1033" />
    </Descriptions>
    <Version>2.0.0.0</Version>
    <Managed>0</Managed>
    <Publisher>
      <UniqueName>yanivarditi</UniqueName>
      <LocalizedNames>
        <LocalizedName description="Yaniv Arditi" languagecode="1033" />
      </LocalizedNames>
      <Descriptions>
        <Description description="My name is Yaniv Arditi.&#xA;&#xA;I expert in Microsoft Dynamics CRM.&#xA;I work with Microsoft Dynamics CRM products for 9 years now and have deep understanding of all product aspects including application, customization and custom code development. &#xA;Today, I provide hands-on architectural design services to several enterprise level implementations, ranging from version upgrade via performance improvement to build from scratch.  &#xA;I author Microsoft Dynamics CRM courses and lecture official Microsoft courses as well.   &#xA;I am a Microsoft Dynamics CRM MVP since 2013.&#xA;&#xA;arditi1@gmail.com" languagecode="1033" />
      </Descriptions>
      <EMailAddress>arditi1@gmail.com</EMailAddress>
      <SupportingWebsiteUrl>http://blogs.microsoft.co.il/blogs/rdt/</SupportingWebsiteUrl>
      <CustomizationPrefix>dyn</CustomizationPrefix>
      <CustomizationOptionValuePrefix>22149</CustomizationOptionValuePrefix>
      <Addresses>
        <Address>
          <AddressNumber>1</AddressNumber>
          <AddressTypeCode>1</AddressTypeCode>
          <City xsi:nil="true"></City>
          <County xsi:nil="true"></County>
          <Country xsi:nil="true"></Country>
          <Fax xsi:nil="true"></Fax>
          <FreightTermsCode xsi:nil="true"></FreightTermsCode>
          <ImportSequenceNumber xsi:nil="true"></ImportSequenceNumber>
          <Latitude xsi:nil="true"></Latitude>
          <Line1 xsi:nil="true"></Line1>
          <Line2 xsi:nil="true"></Line2>
          <Line3 xsi:nil="true"></Line3>
          <Longitude xsi:nil="true"></Longitude>
          <Name xsi:nil="true"></Name>
          <PostalCode xsi:nil="true"></PostalCode>
          <PostOfficeBox xsi:nil="true"></PostOfficeBox>
          <PrimaryContactName xsi:nil="true"></PrimaryContactName>
          <ShippingMethodCode>1</ShippingMethodCode>
          <StateOrProvince xsi:nil="true"></StateOrProvince>
          <Telephone1 xsi:nil="true"></Telephone1>
          <Telephone2 xsi:nil="true"></Telephone2>
          <Telephone3 xsi:nil="true"></Telephone3>
          <TimeZoneRuleVersionNumber xsi:nil="true"></TimeZoneRuleVersionNumber>
          <UPSZone xsi:nil="true"></UPSZone>
          <UTCOffset xsi:nil="true"></UTCOffset>
          <UTCConversionTimeZoneCode xsi:nil="true"></UTCConversionTimeZoneCode>
        </Address>
        <Address>
          <AddressNumber>2</AddressNumber>
          <AddressTypeCode>1</AddressTypeCode>
          <City xsi:nil="true"></City>
          <County xsi:nil="true"></County>
          <Country xsi:nil="true"></Country>
          <Fax xsi:nil="true"></Fax>
          <FreightTermsCode xsi:nil="true"></FreightTermsCode>
          <ImportSequenceNumber xsi:nil="true"></ImportSequenceNumber>
          <Latitude xsi:nil="true"></Latitude>
          <Line1 xsi:nil="true"></Line1>
          <Line2 xsi:nil="true"></Line2>
          <Line3 xsi:nil="true"></Line3>
          <Longitude xsi:nil="true"></Longitude>
          <Name xsi:nil="true"></Name>
          <PostalCode xsi:nil="true"></PostalCode>
          <PostOfficeBox xsi:nil="true"></PostOfficeBox>
          <PrimaryContactName xsi:nil="true"></PrimaryContactName>
          <ShippingMethodCode>1</ShippingMethodCode>
          <StateOrProvince xsi:nil="true"></StateOrProvince>
          <Telephone1 xsi:nil="true"></Telephone1>
          <Telephone2 xsi:nil="true"></Telephone2>
          <Telephone3 xsi:nil="true"></Telephone3>
          <TimeZoneRuleVersionNumber xsi:nil="true"></TimeZoneRuleVersionNumber>
          <UPSZone xsi:nil="true"></UPSZone>
          <UTCOffset xsi:nil="true"></UTCOffset>
          <UTCConversionTimeZoneCode xsi:nil="true"></UTCConversionTimeZoneCode>
        </Address>
      </Addresses>
    </Publisher>
    <RootComponents>
      <RootComponent type="1" schemaName="dyn_batchprocess" behavior="0" />
      <RootComponent type="1" schemaName="dyn_batchprocessactivation" behavior="0" />
      <RootComponent type="1" schemaName="workflow" behavior="0" />
      <RootComponent type="29" id="{3dbbeccf-e54e-4c26-b5f5-a32c5698e9b0}" behavior="0" />
      <RootComponent type="29" id="{46d290a8-95a2-49df-a377-40a5e76b2c1f}" behavior="0" />
      <RootComponent type="29" id="{4e9d9de6-6852-4f77-bda1-c833a55c3b6c}" behavior="0" />
      <RootComponent type="29" id="{54314f38-183b-4e29-9a77-6f5f10a2d8fd}" behavior="0" />
      <RootComponent type="29" id="{7eccf1c8-5058-4372-8eca-45548d23f86c}" behavior="0" />
      <RootComponent type="29" id="{b68b1606-02f2-4d47-954c-4ca6453ba436}" behavior="0" />
      <RootComponent type="29" id="{df568189-ad19-4005-9783-a5e0a3f1a100}" behavior="0" />
      <RootComponent type="29" id="{fb483394-b82d-408e-9d56-861a1a497617}" behavior="0" />
      <RootComponent type="29" id="{fca4928a-6ff7-45b9-8f63-057d40f1b5cb}" behavior="0" />
      <RootComponent type="60" id="{5cc69325-8096-4a47-bfca-bf436d9d3282}" behavior="0" />
      <RootComponent type="61" schemaName="dyn_BatchProcess.js" behavior="0" />
      <RootComponent type="91" id="{61ae68c4-5110-4f5a-8954-4fb7a2e44504}" schemaName="Dynamize.AsyncBatchProcess.ActionHandler, Version=1.0.0.0, Culture=neutral, PublicKeyToken=e2429b5b7eec3081" behavior="0" />
    </RootComponents>
    <MissingDependencies>
      <MissingDependency>
        <Required key="0" type="1" schemaName="lead" displayName="Lead" solution="msdynce_LeadManagement (9.0.4.0066)" />
        <Dependent key="1" type="29" displayName="Disqualify Lead" id="{46d290a8-95a2-49df-a377-40a5e76b2c1f}" />
      </MissingDependency>
      <MissingDependency>
        <Required key="2" type="2" schemaName="fullname" displayName="Name" parentSchemaName="lead" parentDisplayName="Lead" solution="msdynce_LeadManagement (9.0.4.0066)" />
        <Dependent key="1" type="29" displayName="Disqualify Lead" id="{46d290a8-95a2-49df-a377-40a5e76b2c1f}" />
      </MissingDependency>
      <MissingDependency>
        <Required key="3" type="2" schemaName="leadid" displayName="Lead" parentSchemaName="lead" parentDisplayName="Lead" solution="msdynce_LeadManagement (9.0.4.0066)" />
        <Dependent key="1" type="29" displayName="Disqualify Lead" id="{46d290a8-95a2-49df-a377-40a5e76b2c1f}" />
      </MissingDependency>
    </MissingDependencies>
  </SolutionManifest>
</ImportExportXml>